iter	Passed	Remaining
0	22	85518
1	157	299595
2	321	407097
3	337	319943
4	354	269350
5	518	327574
6	533	288852
7	556	263893
8	602	253668
9	634	240394
10	788	271586
11	927	292681
12	945	275328
13	1019	275570
14	1092	275729
15	1119	264851
16	1252	278713
17	1272	267436
18	1284	255562
19	1306	246954
20	1336	240549
21	1356	232989
22	1484	243819
23	1509	237443
24	1548	233847
25	1564	227149
26	1596	223057
27	1618	218018
28	1754	228205
29	1835	230644
30	1852	225203
31	1870	220263
32	2003	228734
33	2134	236478
34	2168	233250
35	2328	243415
36	2355	239548
37	2524	249934
38	2635	254139
39	2788	262136
40	2930	268649
41	2952	264219
42	2969	259448
43	3003	256420
44	3120	260360
45	3215	262392
46	3240	258771
47	3263	255110
48	3284	251398
49	3299	247431
50	3342	245679
51	3353	241729
52	3380	239008
53	3432	238079
54	3479	236914
55	3494	233659
56	3507	230308
57	3549	228997
58	3688	233860
59	3833	238970
60	3852	236131
61	3881	234005
62	3897	231210
63	3913	228432
64	3925	225576
65	3939	222862
66	3962	220758
67	4000	219576
68	4017	217235
69	4028	214680
70	4055	212979
71	4066	210576
72	4155	212171
73	4282	215648
74	4323	214753
75	4492	220109
76	4512	218188
77	4672	222981
78	4688	220827
79	4726	219777
80	4743	217779
81	4758	215778
82	4836	216606
83	4862	215099
84	4892	213812
85	4950	213796
86	5101	217707
87	5123	216102
88	5138	214253
89	5176	213402
90	5322	216947
91	5369	216414
92	5508	219570
93	5523	217777
94	5545	216290
95	5562	214610
96	5642	215403
97	5664	213984
98	5802	216917
99	5834	215866
100	5856	214500
101	5997	217445
102	6030	216458
103	6050	215038
104	6081	214012
105	6106	212806
106	6230	215044
107	6267	214242
108	6299	213302
109	6311	211718
110	6393	212492
111	6412	211158
112	6438	210085
113	6508	210454
114	6592	211254
115	6735	213921
116	6789	213730
117	6820	212820
118	6839	211550
119	6865	210527
120	6885	209359
121	6938	209189
122	7081	211684
123	7095	210337
124	7174	210922
125	7233	210910
126	7393	213837
127	7480	214584
128	7498	213383
129	7513	212121
130	7654	214379
131	7703	214064
132	7730	213128
133	7877	215520
134	7914	214863
135	7938	213872
136	7953	212664
137	7968	211453
138	8137	214320
139	8151	213105
140	8165	211895
141	8244	212383
142	8380	214314
143	8508	216024
144	8535	215144
145	8677	217178
146	8699	216174
147	8723	215262
148	8864	217206
149	8887	216250
150	8922	215627
151	9005	216128
152	9132	217683
153	9145	216531
154	9181	215913
155	9298	217210
156	9327	216428
157	9366	215909
158	9402	215313
159	9414	214185
160	9447	213547
161	9609	215790
162	9684	216088
163	9699	215055
164	9845	216901
165	10001	218947
166	10133	220457
167	10252	221657
168	10393	223298
169	10409	222282
170	10432	221406
171	10476	220983
172	10563	221468
173	10610	221109
174	10643	220471
175	10716	220667
176	10749	220036
177	10914	222101
178	10933	221164
179	10963	220495
180	10983	219607
181	11000	218673
182	11017	217763
183	11082	217789
184	11105	217016
185	11184	217314
186	11199	216383
187	11236	215887
188	11251	214975
189	11267	214081
190	11291	213355
191	11329	212893
192	11347	212070
193	11372	211393
194	11490	212435
195	11509	211641
196	11653	213137
197	11754	213834
198	11770	212997
199	11795	212324
200	11906	213195
201	11921	212340
202	11943	211633
203	11964	210898
204	12000	210447
205	12055	210320
206	12074	209574
207	12092	208823
208	12209	209777
209	12347	211084
210	12361	210264
211	12388	209668
212	12410	209003
213	12432	208328
214	12446	207536
215	12463	206807
216	12516	206659
217	12541	206076
218	12705	207749
219	12729	207149
220	12755	206566
221	12903	207973
222	12939	207551
223	13067	208612
224	13099	208132
225	13227	209185
226	13253	208603
227	13299	208353
228	13323	207758
229	13343	207113
230	13476	208208
231	13499	207619
232	13610	208358
233	13637	207824
234	13787	209166
235	13800	208411
236	13817	207733
237	13961	208954
238	13992	208484
239	14013	207868
240	14056	207577
241	14088	207140
242	14170	207423
243	14301	208421
244	14323	207836
245	14348	207293
246	14381	206866
247	14401	206261
248	14420	205656
249	14565	206829
250	14592	206333
251	14612	205741
252	14632	205147
253	14656	204607
254	14690	204225
255	14720	203792
256	14849	204714
257	14942	205135
258	14958	204512
259	14974	203878
260	15118	205004
261	15297	206569
262	15449	207778
263	15464	207133
264	15491	206646
265	15653	207966
266	15783	208855
267	15807	208324
268	15839	207910
269	15889	207737
270	15921	207335
271	15946	206840
272	15984	206509
273	16132	207605
274	16274	208608
275	16296	208078
276	16427	208933
277	16565	209871
278	16648	210100
279	16668	209549
280	16699	209126
281	16822	209867
282	16961	210795
283	16997	210439
284	17135	211338
285	17201	211350
286	17327	212093
287	17485	213230
288	17505	212676
289	17634	213442
290	17726	213758
291	17746	213204
292	17859	213768
293	17981	214428
294	18142	215563
295	18250	216041
296	18401	217041
297	18548	217970
298	18693	218882
299	18717	218372
300	18860	219247
301	18995	220019
302	19165	221193
303	19310	222069
304	19459	222984
305	19610	223918
306	19752	224741
307	19913	225778
308	20035	226355
309	20192	227331
310	20286	227591
311	20445	228569
312	20603	229533
313	20748	230345
314	20872	230920
315	21007	231615
316	21159	232491
317	21307	233313
318	21402	233545
319	21494	233757
320	21631	234441
321	21754	234972
322	21883	235573
323	22006	236097
324	22131	236640
325	22265	237270
326	22404	237956
327	22532	238516
328	22663	239102
329	22805	239800
330	22950	240524
331	23077	241067
332	23230	241858
333	23334	242151
334	23448	242532
335	23566	242959
336	23713	243674
337	23845	244234
338	23974	244768
339	24075	245003
340	24209	245570
341	24355	246256
342	24507	247003
343	24608	247233
344	24762	247979
345	24883	248403
346	25021	248986
347	25175	249726
348	25310	250273
349	25470	251067
350	25618	251730
351	25756	252300
352	25899	252904
353	26055	253639
354	26236	254603
355	26373	255144
356	26514	255708
357	26651	256245
358	26780	256692
359	26940	257434
360	27067	257852
361	27208	258409
362	27292	258413
363	27423	258868
364	27578	259540
365	27706	259959
366	27834	260367
367	27959	260752
368	28104	261320
369	28267	262042
370	28424	262714
371	28598	263537
372	28690	263596
373	28848	264263
374	28982	264711
375	29117	265151
376	29246	265544
377	29398	266138
378	29536	266611
379	29688	267200
380	29825	267642
381	29938	267876
382	30067	268249
383	30215	268790
384	30353	269239
385	30495	269721
386	30589	269770
387	30716	270117
388	30854	270548
389	30990	270970
390	31103	271181
391	31225	271466
392	31367	271927
393	31498	272291
394	31636	272716
395	31716	272632
396	31868	273169
397	32001	273543
398	32135	273916
399	32280	274380
400	32420	274808
401	32555	275186
402	32646	275183
403	32793	275664
404	32935	276089
405	33061	276377
406	33208	276850
407	33327	277079
408	33475	277546
409	33628	278048
410	33780	278547
411	33924	278974
412	34046	279213
413	34186	279598
414	34332	280038
415	34441	280165
416	34576	280508
417	34709	280828
418	34846	281185
419	34989	281583
420	35125	281919
421	35278	282394
422	35429	282847
423	35601	283471
424	35751	283909
425	35903	284365
426	36019	284532
427	36167	284945
428	36309	285310
429	36398	285260
430	36528	285529
431	36694	286084
432	36841	286477
433	36972	286750
434	37107	287047
435	37256	287457
436	37403	287845
437	37555	288267
438	37683	288509
439	37813	288759
440	37946	289032
441	38100	289457
442	38233	289731
443	38365	289989
444	38494	290225
445	38633	290530
446	38738	290580
447	38858	290741
448	38998	291055
449	39148	291437
450	39237	291364
451	39336	291369
452	39480	291700
453	39641	292157
454	39771	292386
455	39934	292852
456	40060	293044
457	40173	293146
458	40276	293170
459	40410	293416
460	40541	293639
461	40690	293994
462	40834	294308
463	41004	294810
464	41148	295119
465	41297	295463
466	41432	295707
467	41575	296001
468	41724	296339
469	41810	296229
470	41948	296489
471	42100	296846
472	42241	297118
473	42391	297456
474	42520	297646
475	42682	298057
476	42786	298067
477	42895	298117
478	43026	298309
479	43172	298612
480	43301	298792
481	43446	299075
482	43589	299350
483	43738	299663
484	43897	300041
485	44053	300396
486	44170	300483
487	44283	300550
488	44424	300799
489	44558	300994
490	44688	301166
491	44816	301329
492	44979	301718
493	45097	301806
494	45209	301855
495	45354	302119
496	45502	302401
497	45628	302537
498	45754	302676
499	45883	302831
500	46037	303147
501	46163	303284
502	46297	303465
503	46420	303573
504	46560	303795
505	46650	303688
506	46779	303836
507	46933	304143
508	47074	304365
509	47234	304710
510	47382	304972
511	47520	305170
512	47638	305238
513	47779	305450
514	47923	305689
